{
    "metadata": {
        "name": "uukanshu_cc",
        "author": "Raiden",
        "version": 4,
        "source": "https://www.uukanshu.cc",
        "regexp": "(www\\.)?uukanshu\\.cc/book/\\d+",
        "description": "uukanshu.cc chinese novel",
        "locale": "zh_CN",
        "language": "javascript",
        "type": "chinese_novel"
    },
    "script": {
        "home": "home.js",
        "detail": "detail.js",
        "toc": "toc.js",
        "chap": "chap.js",
        "search": "search.js"
    }
}